37,63,101,105,125,135,183
2,2,2,2,2,2,2
2,2,2,2,2,2,2
2,2,2,2,2,2,2
2,2,2,2,2,2,2
2,2,2,2,2,2,2
2,2,2,2,2,2,2
2,2,2,2,2,2,2
2,2,2,2,2,2,2
2,2,2,2,2,2,2
2,2,2,2,2,2,2
2,2,2,2,2,2,2
2,2,2,2,2,2,2
2,2,2,2,2,2,2
2,2,2,2,2,2,2
2,2,2,2,2,2,2
2,2,2,2,2,2,2
2,2,2,2,2,2,2
2,2,2,2,2,2,2
2,2,2,2,2,2,2
2,2,2,2,2,2,2
2,2,2,2,2,2,2
2,2,2,2,2,2,2
2,2,2,2,2,2,2
2,2,2,2,2,2,2
2,2,2,2,2,2,2
2,2,2,2,2,2,2
2,2,2,2,2,2,2
2,2,2,2,2,2,2
2,2,2,2,2,2,2
2,2,2,2,2,2,2
2,2,2,2,2,2,2
2,2,2,2,2,2,2
2,2,2,2,2,2,2
2,2,2,2,2,2,2
2,2,2,2,2,2,2
2,2,2,2,2,2,2
2,2,2,2,2,2,2
2,2,2,2,2,2,2
2,2,2,2,2,2,2
2,2,2,2,2,2,2
2,2,2,2,2,2,2
2,2,2,2,2,2,2
2,2,2,2,2,2,2
2,2,2,2,2,2,2
2,2,2,2,2,2,2
2,2,2,2,2,2,2
2,2,2,2,2,2,2
2,2,2,2,2,2,2
2,2,2,2,2,2,2
2,2,2,2,2,2,2
2,2,2,2,2,2,2
2,2,2,2,2,2,2
2,2,2,2,2,2,2
2,2,2,2,2,2,2
2,2,2,2,2,2,2
2,2,2,2,2,2,2
2,2,2,2,2,2,2
2,2,2,2,2,2,2
2,2,2,2,2,2,2
2,2,2,2,2,2,2
2,2,2,2,2,2,2
2,2,2,2,2,2,2
2,2,2,2,2,2,2
2,2,2,2,2,2,2
2,2,2,2,2,2,2
2,2,2,2,2,2,2
2,2,2,2,2,2,2
2,2,2,2,2,2,2
2,2,2,2,2,2,2
2,2,2,2,2,2,2
2,2,2,2,2,2,2
2,2,2,2,2,2,2
2,2,2,2,2,2,2
2,2,2,2,2,2,2
2,2,2,2,2,2,2
2,2,2,2,2,2,2
2,2,2,2,2,2,2
2,2,2,2,2,2,2
2,2,2,2,2,2,2
2,2,2,2,2,2,2
2,2,2,2,2,2,2
2,2,2,2,2,2,2
2,2,2,2,2,2,2
2,2,2,2,2,2,2
2,2,2,2,2,2,2
2,2,2,2,2,2,2
2,2,2,2,2,2,2
2,2,2,2,2,2,2
2,2,2,2,2,2,2
2,2,2,2,2,2,2
2,2,2,2,2,2,2
2,2,2,2,2,2,2
2,2,2,2,2,2,2
2,2,2,2,2,2,2
2,2,2,2,2,2,2
2,2,2,2,2,2,2
2,2,2,2,2,2,2
2,2,2,2,2,2,2
2,2,2,2,2,2,2
2,2,2,2,2,2,2
2,2,2,2,2,2,2
2,2,2,2,2,2,2
2,2,2,2,2,2,2
2,2,2,2,2,2,2
2,2,2,2,2,2,2
2,2,2,2,2,2,2
2,2,2,2,2,2,2
2,2,2,2,2,2,2
2,2,2,2,2,2,2
2,2,2,2,2,2,2
2,2,2,2,2,2,2
2,2,2,2,2,2,2
2,2,2,2,2,2,2
2,2,2,2,2,2,2
2,2,2,2,2,2,2
2,2,2,2,2,2,2
2,2,2,2,2,2,2
2,2,2,2,2,2,2
2,2,2,2,2,2,2
2,2,2,2,2,2,2
2,2,2,2,2,2,2
2,2,2,2,2,2,2
2,2,2,2,2,2,2
2,2,2,2,2,2,2
2,2,2,2,2,2,2
2,2,2,2,2,2,2
2,2,2,2,2,2,2
2,2,2,2,2,2,2
2,2,2,2,2,2,2
2,2,2,2,2,2,2
2,2,2,2,2,2,2
2,2,2,2,2,2,2
2,2,2,2,2,2,2
2,2,2,2,2,2,2
2,2,2,2,2,2,2
2,2,2,2,2,2,2
2,2,2,2,2,2,2
2,2,2,2,2,2,2
2,2,2,2,2,2,2
2,2,2,2,2,2,2
2,2,2,2,2,2,2
2,2,2,2,2,2,2
2,2,2,2,2,2,2
2,2,2,2,2,2,2
2,2,2,2,2,2,2
2,2,2,2,2,2,2
2,2,2,2,2,2,2
2,2,2,2,2,2,2
2,2,2,2,2,2,2
2,2,2,2,2,2,2
2,2,2,2,2,2,2
2,2,2,2,2,2,2
2,2,2,2,2,2,2
2,2,2,2,2,2,2
2,2,2,2,2,2,2
2,2,2,2,2,2,2
2,2,2,2,2,2,2
2,2,2,2,2,2,2
2,2,2,2,2,2,2
2,2,2,2,2,2,2
2,2,2,2,2,2,2
2,2,2,2,2,2,2
2,2,2,2,2,2,2
2,2,2,2,2,2,2
2,2,2,2,2,2,2
2,2,2,2,2,2,2
2,2,2,2,2,2,2
2,2,2,2,2,2,2
2,2,2,2,2,2,2
2,2,2,2,2,2,2
2,2,2,2,2,2,2
2,2,2,2,2,2,2
2,2,2,2,2,2,2
2,2,2,2,2,2,2
2,2,2,3,2,2,2
2,2,2,3,2,2,2
2,2,2,3,2,2,2
2,2,2,3,2,2,2
2,2,2,3,2,3,2
2,3,2,3,2,3,2
2,3,2,3,2,3,2
2,3,2,3,2,3,2
2,3,2,3,2,3,2
2,3,2,3,2,3,2
2,3,2,3,2,3,2
2,3,2,3,2,3,2
2,3,2,3,2,3,2
2,3,2,3,2,3,2
2,3,2,3,2,3,2
2,3,2,3,2,3,2
2,3,2,3,2,3,2
2,3,2,3,2,3,2
2,3,2,3,2,3,2
2,3,2,3,2,3,2
2,3,2,3,2,3,2
2,3,2,3,2,3,2
2,3,2,3,2,3,2
2,3,2,3,2,3,2
2,3,2,3,2,3,2
2,3,2,3,2,3,2
2,3,2,3,2,3,2
2,3,2,3,2,3,2
2,3,2,3,2,3,2
2,3,2,3,2,3,2
2,3,2,3,2,3,2
2,3,2,3,2,3,2
2,3,2,3,2,4,2
2,3,2,3,2,4,2
2,3,2,3,2,4,2
2,3,2,3,2,4,2
2,3,2,3,2,4,2
2,3,2,3,2,4,2
2,3,2,3,2,4,2
2,3,2,4,2,4,2
2,3,2,4,2,4,2
2,3,2,4,2,4,2
2,3,2,4,2,4,2
2,3,2,4,2,5,2
2,3,2,4,2,5,2
2,3,2,4,2,5,2
2,3,2,4,2,5,2
2,3,2,4,2,5,2
2,3,2,4,2,6,2
2,3,2,4,2,6,2
2,3,2,4,2,6,2
2,3,2,4,2,6,2
2,3,2,4,2,6,2
2,3,2,4,2,7,2
2,3,2,4,2,8,2
2,3,2,5,2,8,2
2,3,2,5,2,8,2
2,3,2,5,2,9,2
2,3,2,5,2,9,2
2,4,2,5,2,9,2
2,4,2,5,2,9,2
2,4,2,5,2,9,2
2,4,2,5,2,9,2
2,4,2,5,2,9,2
2,4,2,6,2,10,2
2,4,2,6,2,10,2
2,4,2,6,2,10,2
2,4,2,6,2,11,2
2,4,2,6,2,11,2
2,4,2,6,2,12,2
2,4,2,6,2,12,2
2,4,2,6,2,14,2
2,4,2,6,2,15,2
2,4,2,6,2,16,2
2,4,2,6,2,16,2
2,4,2,6,2,17,2
2,4,2,6,2,17,2
2,4,2,7,2,17,2
2,4,2,7,2,17,2
2,4,2,8,2,18,2
2,4,2,8,2,18,2
2,4,2,8,2,18,2
2,4,2,9,2,22,2
2,4,2,10,2,22,2
2,4,2,10,2,23,2
2,4,2,10,2,23,2
2,4,2,11,2,24,2
2,4,2,11,2,24,2
2,4,2,11,2,24,2
3,4,2,11,2,27,2
3,5,2,12,2,27,2
3,5,2,13,2,29,2
3,5,2,13,2,30,2
3,5,2,14,2,30,2
3,5,2,14,2,31,2
3,5,2,15,2,32,2
3,5,2,16,2,33,2
3,5,2,16,2,33,2
3,5,2,20,2,33,2
3,5,2,20,2,35,2
3,5,2,20,2,35,2
3,5,2,21,2,35,2
3,5,2,21,2,40,2
3,5,2,21,2,41,2
3,6,2,22,2,41,2
3,6,2,22,2,42,2
3,6,2,23,2,42,2
3,6,2,23,2,43,2
3,6,2,24,2,48,2
3,6,2,25,2,48,2
3,6,2,25,2,49,2
3,6,2,25,2,50,2
3,7,2,25,2,52,2
3,7,2,26,2,55,2
3,7,2,26,2,57,2
3,7,2,27,2,59,2
3,7,2,27,2,60,2
3,7,2,27,2,65,2
3,7,2,28,2,66,2
3,7,2,28,2,67,2
3,7,2,28,2,72,2
3,7,2,28,2,74,2
3,7,2,29,2,75,2
3,7,2,29,2,78,2
3,7,2,30,2,80,2
3,7,2,31,2,81,2
3,7,2,31,2,85,2
3,7,2,32,2,89,2
3,7,2,32,2,100,2
3,8,2,32,2,115,2
3,8,2,32,2,124,2
3,8,2,33,2,128,2
3,8,2,34,2,138,2
4,8,2,35,2,163,2
4,8,2,36,2,171,2
4,8,2,37,2,181,2
4,9,2,38,2,205,2
4,10,2,39,2,254,2
4,10,2,41,2,261,2
4,10,2,45,2,300,2
4,10,2,45,3,309,2
4,10,2,45,3,350,2
4,11,2,48,3,410,2
4,11,2,49,3,,2
4,11,2,52,3,,2
4,11,2,52,3,,2
4,11,2,53,3,,2
4,11,2,54,3,,2
4,12,2,56,3,,2
5,12,2,57,3,,2
5,12,2,58,3,,2
5,12,2,58,3,,2
5,12,2,61,3,,2
5,12,2,63,3,,2
5,13,2,71,3,,2
5,13,2,74,3,,2
6,13,2,86,3,,2
6,13,2,86,3,,2
6,13,2,102,3,,2
6,13,2,109,3,,2
6,13,2,113,3,,2
8,14,2,113,3,,2
8,14,2,136,3,,2
8,14,2,154,3,,2
8,14,2,161,3,,2
8,15,2,176,3,,2
8,15,2,178,3,,2
8,15,2,187,3,,2
9,15,2,209,3,,2
10,16,2,223,3,,2
10,16,2,257,3,,2
10,16,2,267,3,,2
10,17,2,307,3,,2
10,17,2,319,3,,2
10,17,2,406,3,,2
10,17,2,482,3,,2
11,17,2,,3,,2
11,17,2,,3,,2
11,17,2,,3,,2
11,17,2,,3,,2
13,17,2,,3,,2
13,17,2,,3,,2
14,17,2,,3,,2
14,18,2,,3,,2
15,18,2,,3,,2
15,18,2,,3,,2
15,19,2,,3,,2
15,19,2,,3,,2
15,19,2,,3,,2
16,19,2,,3,,2
17,19,2,,3,,2
17,19,2,,3,,2
18,19,2,,3,,2
18,19,2,,3,,2
18,19,2,,3,,2
19,19,2,,3,,2
19,20,2,,3,,2
20,20,2,,3,,2
20,20,2,,3,,2
20,20,2,,3,,2
20,21,2,,3,,2
22,21,2,,3,,2
22,21,2,,3,,2
23,21,2,,3,,2
23,22,2,,3,,2
24,22,2,,3,,2
24,23,2,,4,,2
25,23,2,,4,,2
25,24,2,,4,,2
25,24,2,,4,,2
25,24,2,,4,,2
26,24,2,,4,,2
26,24,2,,4,,2
26,24,2,,4,,2
27,24,2,,4,,2
29,24,2,,4,,2
29,24,2,,4,,2
30,25,2,,4,,2
32,25,2,,4,,2
33,25,2,,4,,2
36,25,2,,4,,2
37,26,2,,4,,2
37,26,2,,4,,2
38,26,2,,4,,2
41,27,2,,4,,2
41,27,2,,4,,2
41,27,2,,4,,2
42,27,2,,4,,2
43,27,2,,4,,2
44,28,2,,4,,2
48,28,2,,4,,2
57,29,2,,4,,2
60,30,2,,4,,2
62,30,2,,4,,2
71,30,2,,5,,2
71,30,2,,5,,2
84,30,2,,5,,2
93,30,2,,5,,2
93,31,2,,5,,2
97,31,2,,5,,2
102,31,2,,5,,2
106,31,2,,5,,2
108,31,2,,5,,2
110,32,2,,5,,2
113,32,2,,5,,2
119,32,2,,5,,2
120,32,2,,5,,2
133,33,2,,5,,2
138,33,2,,5,,2
149,34,2,,5,,2
151,34,2,,6,,2
154,34,2,,6,,2
155,34,2,,6,,2
167,35,2,,6,,2
167,35,2,,6,,2
181,35,2,,6,,2
219,35,2,,6,,2
237,36,2,,6,,2
243,36,2,,6,,2
277,37,2,,6,,2
443,37,2,,6,,2
701,37,2,,6,,2
1588,38,2,,6,,2
2072,38,2,,7,,2
,38,2,,7,,2
,40,2,,7,,2
,40,2,,7,,2
,41,2,,7,,2
,42,2,,7,,2
,42,2,,8,,2
,42,2,,8,,2
,42,2,,8,,2
,45,2,,8,,2
,45,2,,8,,2
,45,2,,8,,2
,51,2,,8,,2
,54,2,,8,,2
,54,2,,9,,2
,55,2,,9,,2
,55,2,,9,,2
,57,2,,9,,2
,57,2,,9,,2
,58,2,,9,,2
,58,2,,10,,2
,59,2,,10,,2
,60,2,,10,,2
,61,2,,11,,2
,61,2,,11,,2
,62,2,,11,,2
,65,2,,12,,2
,66,2,,12,,2
,67,2,,12,,2
,68,2,,12,,2
,69,2,,12,,2
,72,2,,12,,2
,72,2,,13,,2
,73,2,,13,,2
,73,2,,14,,2
,74,2,,14,,2
,76,2,,14,,2
,78,2,,15,,2
,80,2,,15,,2
,80,2,,16,,2
,81,2,,16,,2
,83,2,,16,,2
,84,2,,16,,2
,85,2,,16,,2
,85,2,,16,,2
,87,2,,16,,2
,87,2,,17,,2
,88,2,,17,,2
,90,2,,18,,2
,93,2,,18,,2
,97,2,,19,,2
,101,2,,19,,2
,101,2,,19,,2
,101,2,,19,,2
,102,2,,19,,2
,103,2,,20,,2
,103,2,,21,,2
,107,2,,21,,2
,107,2,,22,,2
,108,2,,24,,2
,110,2,,24,,2
,110,2,,24,,2
,111,2,,25,,2
,112,2,,25,,2
,113,2,,26,,2
,116,2,,27,,2
,117,2,,28,,2
,119,2,,28,,2
,122,2,,28,,2
,123,2,,29,,2
,125,2,,29,,2
,127,2,,29,,2
,128,2,,29,,2
,136,2,,29,,2
,136,2,,30,,2
,140,2,,31,,2
,141,2,,32,,2
,150,2,,32,,2
,156,2,,33,,2
,163,2,,33,,2
,164,2,,35,,2
,168,2,,35,,2
,180,2,,35,,2
,180,2,,35,,2
,182,2,,37,,2
,183,2,,37,,2
,183,2,,37,,2
,192,2,,37,,2
,193,2,,42,,2
,201,2,,44,,2
,201,2,,44,,2
,203,2,,44,,2
,207,2,,46,,2
,221,2,,46,,2
,223,2,,47,,2
,228,2,,47,,2
,231,2,,49,,2
,238,2,,52,,2
,242,2,,56,,2
,244,2,,59,,2
,248,2,,59,,2
,256,2,,65,,2
,267,2,,65,,2
,285,2,,66,,2
,294,2,,68,,2
,362,2,,69,,2
,402,2,,82,,2
,423,2,,86,,2
,423,2,,89,,2
,433,2,,97,,2
,453,2,,98,,2
,459,2,,103,,2
,466,2,,105,,2
,488,2,,105,,2
,508,2,,113,,2
,523,2,,114,,2
,578,2,,117,,2
,616,2,,118,,2
,657,2,,126,,2
,1051,2,,145,,2
,1255,2,,166,,2
,,2,,168,,2
,,2,,177,,2
,,2,,177,,2
,,2,,277,,2
,,2,,293,,2
,,2,,318,,2
,,2,,433,,2
,,2,,540,,2
,,2,,750,,2
,,2,,,,2
,,2,,,,2
,,2,,,,2
,,2,,,,2
,,2,,,,2
,,2,,,,2
,,2,,,,2
,,2,,,,2
,,2,,,,2
,,2,,,,2
,,2,,,,2
,,2,,,,2
,,2,,,,2
,,2,,,,2
,,2,,,,2
,,2,,,,2
,,2,,,,2
,,2,,,,2
,,2,,,,2
,,2,,,,2
,,2,,,,2
,,2,,,,2
,,2,,,,2
,,2,,,,2
,,2,,,,2
,,2,,,,2
,,2,,,,2
,,2,,,,2
,,2,,,,2
,,2,,,,2
,,2,,,,2
,,2,,,,2
,,2,,,,2
,,2,,,,2
,,2,,,,2
,,2,,,,2
,,2,,,,2
,,2,,,,2
,,2,,,,2
,,2,,,,2
,,2,,,,2
,,2,,,,2
,,2,,,,2
,,2,,,,2
,,2,,,,2
,,2,,,,2
,,2,,,,2
,,2,,,,2
,,2,,,,2
,,2,,,,2
,,2,,,,2
,,2,,,,2
,,2,,,,2
,,2,,,,2
,,2,,,,2
,,2,,,,2
,,2,,,,2
,,2,,,,2
,,2,,,,2
,,2,,,,2
,,2,,,,2
,,2,,,,2
,,2,,,,2
,,2,,,,2
,,2,,,,2
,,2,,,,2
,,2,,,,2
,,2,,,,2
,,2,,,,2
,,2,,,,2
,,2,,,,2
,,2,,,,2
,,2,,,,2
,,2,,,,2
,,2,,,,2
,,2,,,,2
,,2,,,,2
,,2,,,,2
,,2,,,,2
,,2,,,,2
,,2,,,,2
,,2,,,,2
,,2,,,,2
,,2,,,,2
,,2,,,,2
,,2,,,,2
,,2,,,,2
,,2,,,,2
,,2,,,,2
,,2,,,,2
,,2,,,,2
,,2,,,,2
,,2,,,,2
,,2,,,,2
,,2,,,,2
,,2,,,,2
,,2,,,,2
,,2,,,,2
,,2,,,,2
,,2,,,,2
,,2,,,,2
,,2,,,,2
,,2,,,,2
,,2,,,,2
,,2,,,,2
,,2,,,,2
,,2,,,,2
,,2,,,,2
,,2,,,,2
,,2,,,,2
,,2,,,,2
,,2,,,,2
,,2,,,,2
,,2,,,,2
,,2,,,,2
,,2,,,,2
,,2,,,,2
,,2,,,,2
,,2,,,,2
,,2,,,,2
,,2,,,,2
,,2,,,,2
,,2,,,,2
,,2,,,,2
,,2,,,,2
,,2,,,,2
,,2,,,,2
,,2,,,,2
,,2,,,,2
,,2,,,,2
,,2,,,,2
,,2,,,,2
,,2,,,,2
,,2,,,,2
,,2,,,,2
,,2,,,,2
,,2,,,,2
,,2,,,,2
,,2,,,,2
,,2,,,,2
,,2,,,,2
,,2,,,,2
,,2,,,,2
,,2,,,,2
,,2,,,,2
,,2,,,,2
,,2,,,,2
,,2,,,,2
,,2,,,,2
,,2,,,,2
,,2,,,,2
,,2,,,,2
,,2,,,,2
,,2,,,,2
,,2,,,,2
,,2,,,,2
,,2,,,,2
,,2,,,,2
,,2,,,,2
,,2,,,,2
,,2,,,,2
,,2,,,,2
,,2,,,,2
,,2,,,,2
,,2,,,,2
,,2,,,,2
,,2,,,,2
,,2,,,,2
,,2,,,,2
,,2,,,,2
,,2,,,,2
,,2,,,,2
,,2,,,,2
,,2,,,,2
,,2,,,,2
,,2,,,,2
,,2,,,,2
,,2,,,,2
,,2,,,,2
,,2,,,,2
,,2,,,,2
,,2,,,,2
,,2,,,,2
,,2,,,,2
,,2,,,,2
,,2,,,,2
,,2,,,,2
,,2,,,,2
,,2,,,,2
,,2,,,,2
,,2,,,,2
,,2,,,,2
,,2,,,,2
,,2,,,,2
,,2,,,,2
,,2,,,,2
,,2,,,,2
,,2,,,,2
,,2,,,,2
,,2,,,,2
,,2,,,,2
,,2,,,,2
,,2,,,,2
,,2,,,,2
,,2,,,,2
,,2,,,,2
,,2,,,,2
,,2,,,,2
,,2,,,,2
,,2,,,,2
,,2,,,,2
,,2,,,,2
,,2,,,,2
,,2,,,,2
,,2,,,,2
,,2,,,,2
,,2,,,,2
,,2,,,,2
,,2,,,,2
,,2,,,,2
,,2,,,,2
,,2,,,,2
,,2,,,,2
,,2,,,,2
,,2,,,,2
,,2,,,,2
,,2,,,,2
,,2,,,,2
,,2,,,,2
,,2,,,,2
,,2,,,,2
,,2,,,,2
,,2,,,,2
,,2,,,,2
,,2,,,,2
,,2,,,,2
,,2,,,,2
,,2,,,,2
,,2,,,,2
,,2,,,,2
,,2,,,,2
,,2,,,,2
,,2,,,,2
,,2,,,,2
,,2,,,,2
,,2,,,,2
,,2,,,,2
,,2,,,,2
,,2,,,,2
,,2,,,,2
,,2,,,,2
,,2,,,,2
,,2,,,,2
,,2,,,,2
,,2,,,,2
,,2,,,,2
,,2,,,,2
,,2,,,,2
,,2,,,,2
,,2,,,,2
,,2,,,,2
,,2,,,,2
,,2,,,,2
,,2,,,,2
,,2,,,,2
,,2,,,,2
,,2,,,,2
,,2,,,,2
,,2,,,,2
,,2,,,,2
,,2,,,,2
,,2,,,,2
,,2,,,,2
,,2,,,,2
,,2,,,,2
,,2,,,,2
,,2,,,,2
,,2,,,,2
,,2,,,,2
,,2,,,,2
,,2,,,,2
,,2,,,,2
,,2,,,,2
,,2,,,,2
,,2,,,,2
,,2,,,,2
,,2,,,,2
,,2,,,,2
,,2,,,,2
,,2,,,,2
,,2,,,,2
,,2,,,,2
,,2,,,,2
,,2,,,,2
,,2,,,,2
,,2,,,,2
,,2,,,,2
,,2,,,,2
,,2,,,,2
,,2,,,,2
,,2,,,,2
,,2,,,,2
,,2,,,,2
,,2,,,,2
,,2,,,,2
,,2,,,,2
,,2,,,,2
,,2,,,,2
,,2,,,,2
,,2,,,,2
,,2,,,,2
,,2,,,,2
,,2,,,,2
,,2,,,,2
,,2,,,,2
,,2,,,,3
,,2,,,,3
,,2,,,,3
,,2,,,,3
,,2,,,,3
,,2,,,,3
,,2,,,,3
,,2,,,,3
,,2,,,,3
,,2,,,,3
,,2,,,,3
,,2,,,,3
,,2,,,,3
,,2,,,,3
,,2,,,,3
,,2,,,,3
,,2,,,,3
,,2,,,,3
,,2,,,,3
,,2,,,,3
,,2,,,,3
,,2,,,,3
,,2,,,,3
,,2,,,,3
,,2,,,,3
,,2,,,,3
,,2,,,,3
,,2,,,,3
,,2,,,,3
,,2,,,,3
,,2,,,,3
,,2,,,,3
,,2,,,,3
,,2,,,,3
,,2,,,,3
,,2,,,,3
,,2,,,,3
,,2,,,,3
,,2,,,,3
,,2,,,,3
,,2,,,,3
,,2,,,,3
,,2,,,,3
,,2,,,,3
,,2,,,,3
,,2,,,,3
,,2,,,,3
,,2,,,,3
,,2,,,,3
,,2,,,,3
,,2,,,,3
,,2,,,,3
,,2,,,,3
,,2,,,,3
,,2,,,,3
,,2,,,,3
,,2,,,,3
,,3,,,,3
,,3,,,,3
,,3,,,,3
,,3,,,,3
,,3,,,,3
,,3,,,,3
,,3,,,,3
,,3,,,,3
,,3,,,,3
,,3,,,,3
,,3,,,,3
,,3,,,,3
,,3,,,,3
,,3,,,,3
,,3,,,,3
,,3,,,,3
,,3,,,,3
,,3,,,,3
,,3,,,,3
,,3,,,,3
,,3,,,,3
,,3,,,,3
,,3,,,,3
,,3,,,,3
,,3,,,,3
,,3,,,,3
,,3,,,,3
,,3,,,,3
,,3,,,,3
,,3,,,,3
,,3,,,,3
,,3,,,,3
,,3,,,,3
,,3,,,,3
,,3,,,,3
,,3,,,,3
,,3,,,,3
,,3,,,,3
,,3,,,,3
,,3,,,,3
,,3,,,,3
,,3,,,,3
,,3,,,,3
,,3,,,,3
,,3,,,,3
,,3,,,,3
,,3,,,,3
,,3,,,,3
,,3,,,,3
,,3,,,,3
,,3,,,,3
,,3,,,,3
,,3,,,,3
,,3,,,,3
,,3,,,,3
,,3,,,,3
,,3,,,,3
,,3,,,,3
,,3,,,,3
,,3,,,,3
,,3,,,,3
,,3,,,,3
,,3,,,,3
,,3,,,,3
,,3,,,,3
,,3,,,,3
,,3,,,,3
,,3,,,,3
,,3,,,,3
,,3,,,,3
,,3,,,,3
,,3,,,,3
,,3,,,,3
,,3,,,,3
,,3,,,,3
,,3,,,,3
,,3,,,,3
,,3,,,,3
,,3,,,,3
,,3,,,,3
,,3,,,,3
,,3,,,,3
,,3,,,,3
,,3,,,,3
,,3,,,,3
,,3,,,,3
,,3,,,,3
,,3,,,,3
,,3,,,,3
,,3,,,,3
,,3,,,,3
,,3,,,,3
,,3,,,,3
,,3,,,,3
,,3,,,,3
,,3,,,,3
,,3,,,,3
,,3,,,,3
,,3,,,,3
,,3,,,,3
,,3,,,,3
,,3,,,,3
,,3,,,,3
,,3,,,,3
,,3,,,,3
,,3,,,,3
,,3,,,,3
,,3,,,,3
,,3,,,,3
,,3,,,,3
,,3,,,,3
,,3,,,,3
,,3,,,,3
,,3,,,,3
,,3,,,,3
,,3,,,,3
,,3,,,,3
,,3,,,,3
,,3,,,,3
,,3,,,,3
,,3,,,,3
,,3,,,,3
,,3,,,,3
,,3,,,,3
,,3,,,,3
,,3,,,,3
,,3,,,,3
,,3,,,,3
,,3,,,,3
,,3,,,,3
,,3,,,,3
,,3,,,,3
,,3,,,,3
,,3,,,,3
,,3,,,,3
,,3,,,,3
,,3,,,,3
,,3,,,,3
,,3,,,,3
,,3,,,,3
,,3,,,,3
,,3,,,,3
,,3,,,,3
,,3,,,,3
,,3,,,,3
,,3,,,,3
,,3,,,,3
,,3,,,,3
,,3,,,,3
,,3,,,,3
,,3,,,,3
,,3,,,,3
,,3,,,,3
,,3,,,,3
,,3,,,,3
,,3,,,,3
,,3,,,,3
,,3,,,,3
,,3,,,,3
,,3,,,,3
,,3,,,,3
,,3,,,,3
,,3,,,,3
,,3,,,,3
,,3,,,,3
,,3,,,,3
,,3,,,,3
,,3,,,,3
,,3,,,,3
,,3,,,,3
,,3,,,,3
,,3,,,,3
,,3,,,,3
,,3,,,,3
,,3,,,,3
,,3,,,,3
,,3,,,,3
,,3,,,,3
,,3,,,,3
,,3,,,,3
,,3,,,,3
,,3,,,,3
,,3,,,,3
,,3,,,,3
,,3,,,,3
,,3,,,,3
,,3,,,,3
,,3,,,,3
,,3,,,,3
,,3,,,,3
,,3,,,,3
,,3,,,,3
,,3,,,,3
,,3,,,,3
,,3,,,,3
,,3,,,,3
,,3,,,,3
,,3,,,,3
,,3,,,,3
,,3,,,,3
,,3,,,,3
,,3,,,,3
,,3,,,,3
,,3,,,,3
,,3,,,,3
,,3,,,,3
,,3,,,,3
,,3,,,,3
,,3,,,,3
,,3,,,,3
,,3,,,,3
,,3,,,,3
,,3,,,,3
,,4,,,,3
,,4,,,,3
,,4,,,,3
,,4,,,,4
,,4,,,,4
,,4,,,,4
,,4,,,,4
,,4,,,,4
,,4,,,,4
,,4,,,,4
,,4,,,,4
,,4,,,,4
,,4,,,,4
,,4,,,,4
,,4,,,,4
,,4,,,,4
,,4,,,,4
,,4,,,,4
,,4,,,,4
,,4,,,,4
,,4,,,,4
,,4,,,,4
,,4,,,,4
,,4,,,,4
,,4,,,,4
,,4,,,,4
,,4,,,,4
,,4,,,,4
,,4,,,,4
,,4,,,,4
,,4,,,,4
,,4,,,,4
,,4,,,,4
,,4,,,,4
,,4,,,,4
,,4,,,,4
,,4,,,,4
,,4,,,,4
,,4,,,,4
,,4,,,,4
,,4,,,,4
,,4,,,,4
,,4,,,,4
,,4,,,,4
,,4,,,,4
,,4,,,,4
,,4,,,,4
,,4,,,,4
,,4,,,,4
,,4,,,,4
,,4,,,,4
,,4,,,,4
,,4,,,,4
,,4,,,,4
,,4,,,,4
,,4,,,,4
,,4,,,,4
,,4,,,,4
,,4,,,,4
,,4,,,,4
,,4,,,,4
,,4,,,,4
,,4,,,,4
,,4,,,,4
,,4,,,,4
,,4,,,,4
,,4,,,,4
,,4,,,,4
,,4,,,,4
,,4,,,,4
,,4,,,,4
,,4,,,,4
,,4,,,,4
,,4,,,,4
,,4,,,,4
,,4,,,,4
,,4,,,,4
,,4,,,,4
,,4,,,,4
,,4,,,,4
,,4,,,,4
,,4,,,,4
,,4,,,,4
,,4,,,,4
,,4,,,,4
,,4,,,,4
,,4,,,,4
,,4,,,,4
,,4,,,,4
,,4,,,,4
,,4,,,,4
,,4,,,,4
,,4,,,,4
,,5,,,,4
,,5,,,,4
,,5,,,,4
,,5,,,,4
,,5,,,,4
,,5,,,,4
,,5,,,,4
,,5,,,,4
,,5,,,,4
,,5,,,,4
,,5,,,,4
,,5,,,,4
,,5,,,,4
,,5,,,,4
,,5,,,,4
,,5,,,,4
,,5,,,,4
,,5,,,,4
,,5,,,,4
,,5,,,,4
,,5,,,,4
,,5,,,,4
,,5,,,,4
,,5,,,,4
,,5,,,,4
,,5,,,,4
,,5,,,,4
,,5,,,,4
,,5,,,,4
,,5,,,,4
,,5,,,,4
,,5,,,,4
,,5,,,,4
,,5,,,,4
,,5,,,,4
,,5,,,,4
,,5,,,,4
,,5,,,,4
,,5,,,,4
,,5,,,,4
,,5,,,,4
,,5,,,,4
,,5,,,,4
,,5,,,,4
,,5,,,,4
,,5,,,,4
,,5,,,,4
,,5,,,,4
,,5,,,,4
,,6,,,,4
,,6,,,,4
,,6,,,,4
,,6,,,,4
,,6,,,,4
,,6,,,,4
,,6,,,,4
,,6,,,,4
,,6,,,,4
,,6,,,,5
,,6,,,,5
,,6,,,,5
,,6,,,,5
,,6,,,,5
,,6,,,,5
,,6,,,,5
,,6,,,,5
,,6,,,,5
,,6,,,,5
,,6,,,,5
,,6,,,,5
,,6,,,,5
,,6,,,,5
,,6,,,,5
,,6,,,,5
,,6,,,,5
,,6,,,,5
,,6,,,,5
,,6,,,,5
,,6,,,,5
,,6,,,,5
,,6,,,,5
,,6,,,,5
,,6,,,,5
,,7,,,,5
,,7,,,,5
,,7,,,,5
,,7,,,,5
,,7,,,,5
,,7,,,,5
,,7,,,,5
,,7,,,,5
,,7,,,,5
,,7,,,,5
,,7,,,,5
,,7,,,,5
,,7,,,,5
,,7,,,,5
,,7,,,,5
,,7,,,,5
,,7,,,,5
,,7,,,,5
,,7,,,,5
,,7,,,,5
,,7,,,,5
,,7,,,,5
,,7,,,,5
,,7,,,,5
,,7,,,,5
,,7,,,,5
,,7,,,,5
,,7,,,,5
,,7,,,,5
,,7,,,,5
,,7,,,,5
,,7,,,,5
,,7,,,,5
,,7,,,,5
,,7,,,,5
,,7,,,,5
,,7,,,,5
,,7,,,,5
,,7,,,,5
,,7,,,,5
,,7,,,,5
,,8,,,,5
,,8,,,,5
,,8,,,,5
,,8,,,,5
,,8,,,,5
,,8,,,,5
,,8,,,,5
,,8,,,,5
,,8,,,,5
,,8,,,,5
,,8,,,,5
,,8,,,,5
,,8,,,,5
,,8,,,,5
,,8,,,,5
,,8,,,,5
,,8,,,,5
,,8,,,,5
,,8,,,,5
,,8,,,,5
,,8,,,,5
,,8,,,,5
,,8,,,,5
,,8,,,,5
,,8,,,,5
,,8,,,,5
,,8,,,,5
,,8,,,,5
,,8,,,,5
,,8,,,,5
,,9,,,,6
,,9,,,,6
,,9,,,,6
,,9,,,,6
,,9,,,,6
,,9,,,,6
,,9,,,,6
,,9,,,,6
,,9,,,,6
,,9,,,,6
,,9,,,,6
,,9,,,,6
,,9,,,,6
,,9,,,,6
,,9,,,,6
,,9,,,,6
,,10,,,,6
,,10,,,,6
,,10,,,,6
,,10,,,,6
,,10,,,,6
,,10,,,,6
,,10,,,,6
,,10,,,,6
,,10,,,,6
,,10,,,,6
,,10,,,,6
,,10,,,,6
,,10,,,,6
,,11,,,,6
,,11,,,,6
,,11,,,,6
,,11,,,,6
,,11,,,,6
,,11,,,,6
,,11,,,,6
,,11,,,,6
,,11,,,,6
,,11,,,,6
,,11,,,,6
,,11,,,,6
,,12,,,,6
,,12,,,,6
,,12,,,,6
,,12,,,,6
,,12,,,,6
,,12,,,,6
,,12,,,,6
,,12,,,,6
,,12,,,,6
,,13,,,,6
,,13,,,,6
,,13,,,,6
,,13,,,,6
,,13,,,,6
,,13,,,,6
,,13,,,,6
,,14,,,,6
,,14,,,,6
,,14,,,,6
,,14,,,,6
,,14,,,,6
,,14,,,,6
,,14,,,,6
,,14,,,,6
,,14,,,,6
,,14,,,,7
,,14,,,,7
,,14,,,,7
,,15,,,,7
,,15,,,,7
,,15,,,,7
,,15,,,,7
,,15,,,,7
,,15,,,,7
,,15,,,,7
,,15,,,,7
,,15,,,,7
,,16,,,,7
,,16,,,,7
,,16,,,,7
,,16,,,,7
,,16,,,,7
,,16,,,,7
,,17,,,,7
,,17,,,,7
,,17,,,,7
,,17,,,,7
,,17,,,,7
,,17,,,,7
,,17,,,,7
,,18,,,,7
,,18,,,,7
,,18,,,,7
,,18,,,,7
,,18,,,,7
,,18,,,,7
,,18,,,,7
,,18,,,,7
,,18,,,,7
,,19,,,,7
,,19,,,,7
,,19,,,,7
,,19,,,,7
,,19,,,,7
,,19,,,,7
,,19,,,,7
,,19,,,,7
,,19,,,,7
,,19,,,,7
,,20,,,,7
,,20,,,,7
,,20,,,,7
,,20,,,,7
,,20,,,,7
,,20,,,,7
,,21,,,,7
,,21,,,,7
,,21,,,,7
,,21,,,,7
,,21,,,,7
,,21,,,,8
,,21,,,,8
,,22,,,,8
,,22,,,,8
,,22,,,,8
,,22,,,,8
,,22,,,,8
,,22,,,,8
,,22,,,,8
,,22,,,,8
,,22,,,,8
,,22,,,,8
,,23,,,,8
,,23,,,,8
,,23,,,,8
,,23,,,,8
,,23,,,,8
,,23,,,,8
,,23,,,,8
,,23,,,,8
,,23,,,,8
,,24,,,,8
,,24,,,,8
,,24,,,,8
,,24,,,,8
,,24,,,,8
,,24,,,,8
,,24,,,,8
,,25,,,,8
,,25,,,,8
,,25,,,,8
,,25,,,,8
,,26,,,,8
,,26,,,,8
,,26,,,,8
,,26,,,,8
,,26,,,,8
,,26,,,,8
,,26,,,,8
,,26,,,,8
,,27,,,,8
,,27,,,,8
,,27,,,,8
,,27,,,,8
,,27,,,,8
,,27,,,,8
,,27,,,,8
,,28,,,,8
,,28,,,,8
,,28,,,,8
,,28,,,,8
,,28,,,,9
,,29,,,,9
,,29,,,,9
,,29,,,,9
,,29,,,,9
,,29,,,,9
,,29,,,,9
,,29,,,,9
,,30,,,,9
,,30,,,,9
,,30,,,,9
,,30,,,,9
,,30,,,,9
,,30,,,,9
,,31,,,,9
,,31,,,,9
,,31,,,,9
,,31,,,,9
,,31,,,,9
,,31,,,,9
,,31,,,,9
,,31,,,,9
,,32,,,,9
,,32,,,,9
,,33,,,,9
,,33,,,,9
,,33,,,,9
,,33,,,,9
,,33,,,,9
,,33,,,,9
,,33,,,,9
,,34,,,,9
,,34,,,,9
,,34,,,,9
,,34,,,,9
,,35,,,,9
,,36,,,,9
,,36,,,,9
,,36,,,,9
,,36,,,,9
,,36,,,,10
,,36,,,,10
,,36,,,,10
,,37,,,,10
,,37,,,,10
,,37,,,,10
,,37,,,,10
,,38,,,,10
,,38,,,,10
,,38,,,,10
,,38,,,,10
,,38,,,,10
,,39,,,,10
,,39,,,,10
,,39,,,,10
,,40,,,,10
,,40,,,,10
,,41,,,,10
,,41,,,,10
,,42,,,,10
,,42,,,,10
,,42,,,,10
,,42,,,,10
,,42,,,,10
,,42,,,,10
,,43,,,,10
,,43,,,,10
,,43,,,,10
,,43,,,,10
,,44,,,,11
,,45,,,,11
,,45,,,,11
,,45,,,,11
,,46,,,,11
,,46,,,,11
,,47,,,,11
,,48,,,,11
,,48,,,,11
,,49,,,,11
,,49,,,,11
,,49,,,,11
,,49,,,,11
,,50,,,,11
,,50,,,,11
,,50,,,,11
,,51,,,,11
,,51,,,,11
,,51,,,,11
,,52,,,,11
,,52,,,,11
,,52,,,,11
,,54,,,,11
,,54,,,,11
,,54,,,,11
,,54,,,,11
,,56,,,,11
,,56,,,,11
,,56,,,,11
,,56,,,,12
,,56,,,,12
,,56,,,,12
,,57,,,,12
,,57,,,,12
,,58,,,,12
,,58,,,,12
,,59,,,,12
,,59,,,,12
,,60,,,,12
,,60,,,,12
,,61,,,,12
,,61,,,,12
,,62,,,,12
,,62,,,,12
,,62,,,,12
,,62,,,,12
,,64,,,,12
,,64,,,,12
,,65,,,,12
,,65,,,,12
,,65,,,,12
,,65,,,,12
,,65,,,,12
,,66,,,,12
,,66,,,,12
,,67,,,,12
,,67,,,,12
,,67,,,,12
,,67,,,,12
,,67,,,,12
,,67,,,,12
,,68,,,,12
,,68,,,,13
,,68,,,,13
,,70,,,,13
,,70,,,,13
,,70,,,,13
,,70,,,,13
,,70,,,,13
,,71,,,,13
,,71,,,,13
,,71,,,,13
,,72,,,,13
,,72,,,,13
,,73,,,,13
,,73,,,,13
,,74,,,,13
,,75,,,,13
,,75,,,,13
,,75,,,,13
,,75,,,,13
,,76,,,,13
,,79,,,,13
,,79,,,,13
,,80,,,,13
,,81,,,,13
,,82,,,,13
,,82,,,,14
,,83,,,,14
,,84,,,,14
,,86,,,,14
,,87,,,,14
,,88,,,,14
,,89,,,,14
,,93,,,,14
,,96,,,,14
,,96,,,,14
,,96,,,,14
,,97,,,,14
,,98,,,,14
,,99,,,,14
,,101,,,,14
,,102,,,,14
,,106,,,,14
,,106,,,,14
,,108,,,,14
,,111,,,,14
,,113,,,,14
,,114,,,,15
,,114,,,,15
,,114,,,,15
,,114,,,,15
,,114,,,,15
,,118,,,,15
,,119,,,,15
,,120,,,,15
,,122,,,,15
,,122,,,,15
,,123,,,,15
,,125,,,,15
,,125,,,,15
,,126,,,,15
,,127,,,,15
,,128,,,,15
,,129,,,,15
,,131,,,,15
,,134,,,,15
,,134,,,,15
,,134,,,,15
,,144,,,,15
,,145,,,,15
,,147,,,,15
,,150,,,,15
,,152,,,,15
,,154,,,,15
,,154,,,,15
,,155,,,,15
,,155,,,,15
,,161,,,,15
,,162,,,,15
,,163,,,,15
,,163,,,,15
,,164,,,,15
,,166,,,,15
,,167,,,,15
,,169,,,,16
,,169,,,,16
,,169,,,,16
,,174,,,,16
,,175,,,,16
,,177,,,,16
,,180,,,,16
,,183,,,,16
,,190,,,,16
,,192,,,,16
,,199,,,,16
,,200,,,,16
,,201,,,,16
,,201,,,,16
,,207,,,,16
,,230,,,,16
,,237,,,,16
,,238,,,,16
,,240,,,,16
,,244,,,,16
,,248,,,,16
,,251,,,,17
,,251,,,,17
,,256,,,,17
,,258,,,,17
,,265,,,,17
,,266,,,,17
,,277,,,,17
,,285,,,,17
,,287,,,,17
,,328,,,,17
,,332,,,,17
,,341,,,,17
,,347,,,,17
,,407,,,,17
,,450,,,,17
,,452,,,,17
,,454,,,,17
,,475,,,,17
,,491,,,,17
,,497,,,,17
,,524,,,,17
,,556,,,,17
,,557,,,,18
,,568,,,,18
,,575,,,,18
,,646,,,,18
,,942,,,,18
,,943,,,,18
,,1150,,,,18
,,1303,,,,18
,,,,,,18
,,,,,,18
,,,,,,18
,,,,,,18
,,,,,,18
,,,,,,18
,,,,,,18
,,,,,,18
,,,,,,18
,,,,,,18
,,,,,,18
,,,,,,18
,,,,,,18
,,,,,,19
,,,,,,19
,,,,,,19
,,,,,,19
,,,,,,19
,,,,,,19
,,,,,,19
,,,,,,19
,,,,,,19
,,,,,,19
,,,,,,19
,,,,,,19
,,,,,,19
,,,,,,19
,,,,,,19
,,,,,,19
,,,,,,19
,,,,,,19
,,,,,,19
,,,,,,19
,,,,,,19
,,,,,,19
,,,,,,20
,,,,,,20
,,,,,,20
,,,,,,20
,,,,,,20
,,,,,,20
,,,,,,20
,,,,,,20
,,,,,,20
,,,,,,20
,,,,,,20
,,,,,,20
,,,,,,20
,,,,,,20
,,,,,,20
,,,,,,20
,,,,,,20
,,,,,,20
,,,,,,20
,,,,,,20
,,,,,,20
,,,,,,20
,,,,,,20
,,,,,,20
,,,,,,21
,,,,,,21
,,,,,,21
,,,,,,21
,,,,,,21
,,,,,,21
,,,,,,21
,,,,,,21
,,,,,,21
,,,,,,21
,,,,,,21
,,,,,,21
,,,,,,21
,,,,,,21
,,,,,,21
,,,,,,21
,,,,,,21
,,,,,,21
,,,,,,21
,,,,,,21
,,,,,,21
,,,,,,21
,,,,,,21
,,,,,,21
,,,,,,21
,,,,,,21
,,,,,,21
,,,,,,21
,,,,,,21
,,,,,,22
,,,,,,22
,,,,,,22
,,,,,,22
,,,,,,22
,,,,,,22
,,,,,,22
,,,,,,22
,,,,,,22
,,,,,,22
,,,,,,22
,,,,,,22
,,,,,,22
,,,,,,22
,,,,,,23
,,,,,,23
,,,,,,23
,,,,,,23
,,,,,,23
,,,,,,23
,,,,,,23
,,,,,,23
,,,,,,23
,,,,,,23
,,,,,,23
,,,,,,23
,,,,,,23
,,,,,,23
,,,,,,23
,,,,,,23
,,,,,,23
,,,,,,24
,,,,,,24
,,,,,,24
,,,,,,24
,,,,,,24
,,,,,,24
,,,,,,24
,,,,,,24
,,,,,,24
,,,,,,24
,,,,,,24
,,,,,,24
,,,,,,24
,,,,,,24
,,,,,,24
,,,,,,24
,,,,,,24
,,,,,,25
,,,,,,25
,,,,,,25
,,,,,,25
,,,,,,25
,,,,,,25
,,,,,,25
,,,,,,25
,,,,,,25
,,,,,,25
,,,,,,25
,,,,,,26
,,,,,,26
,,,,,,26
,,,,,,26
,,,,,,26
,,,,,,26
,,,,,,26
,,,,,,26
,,,,,,26
,,,,,,26
,,,,,,26
,,,,,,26
,,,,,,26
,,,,,,26
,,,,,,26
,,,,,,26
,,,,,,26
,,,,,,27
,,,,,,27
,,,,,,27
,,,,,,27
,,,,,,27
,,,,,,27
,,,,,,27
,,,,,,27
,,,,,,27
,,,,,,27
,,,,,,27
,,,,,,27
,,,,,,27
,,,,,,27
,,,,,,27
,,,,,,27
,,,,,,27
,,,,,,27
,,,,,,27
,,,,,,27
,,,,,,27
,,,,,,27
,,,,,,27
,,,,,,27
,,,,,,27
,,,,,,27
,,,,,,27
,,,,,,28
,,,,,,28
,,,,,,28
,,,,,,28
,,,,,,28
,,,,,,28
,,,,,,28
,,,,,,28
,,,,,,28
,,,,,,28
,,,,,,28
,,,,,,28
,,,,,,28
,,,,,,28
,,,,,,28
,,,,,,28
,,,,,,28
,,,,,,28
,,,,,,29
,,,,,,29
,,,,,,29
,,,,,,29
,,,,,,29
,,,,,,29
,,,,,,29
,,,,,,29
,,,,,,29
,,,,,,29
,,,,,,29
,,,,,,29
,,,,,,30
,,,,,,30
,,,,,,30
,,,,,,30
,,,,,,30
,,,,,,30
,,,,,,30
,,,,,,30
,,,,,,30
,,,,,,30
,,,,,,30
,,,,,,30
,,,,,,30
,,,,,,30
,,,,,,30
,,,,,,30
,,,,,,31
,,,,,,31
,,,,,,31
,,,,,,31
,,,,,,31
,,,,,,31
,,,,,,31
,,,,,,31
,,,,,,31
,,,,,,31
,,,,,,31
,,,,,,31
,,,,,,31
,,,,,,31
,,,,,,31
,,,,,,31
,,,,,,31
,,,,,,31
,,,,,,31
,,,,,,31
,,,,,,31
,,,,,,32
,,,,,,32
,,,,,,32
,,,,,,32
,,,,,,32
,,,,,,32
,,,,,,32
,,,,,,32
,,,,,,32
,,,,,,32
,,,,,,32
,,,,,,32
,,,,,,32
,,,,,,32
,,,,,,32
,,,,,,32
,,,,,,32
,,,,,,32
,,,,,,33
,,,,,,33
,,,,,,33
,,,,,,33
,,,,,,33
,,,,,,33
,,,,,,33
,,,,,,33
,,,,,,33
,,,,,,33
,,,,,,33
,,,,,,33
,,,,,,33
,,,,,,33
,,,,,,33
,,,,,,33
,,,,,,33
,,,,,,34
,,,,,,34
,,,,,,34
,,,,,,34
,,,,,,34
,,,,,,34
,,,,,,34
,,,,,,34
,,,,,,34
,,,,,,34
,,,,,,34
,,,,,,34
,,,,,,34
,,,,,,34
,,,,,,34
,,,,,,34
,,,,,,35
,,,,,,35
,,,,,,35
,,,,,,35
,,,,,,35
,,,,,,35
,,,,,,35
,,,,,,35
,,,,,,35
,,,,,,35
,,,,,,35
,,,,,,35
,,,,,,35
,,,,,,35
,,,,,,35
,,,,,,35
,,,,,,36
,,,,,,36
,,,,,,36
,,,,,,36
,,,,,,36
,,,,,,36
,,,,,,36
,,,,,,36
,,,,,,36
,,,,,,36
,,,,,,36
,,,,,,36
,,,,,,36
,,,,,,37
,,,,,,37
,,,,,,37
,,,,,,37
,,,,,,37
,,,,,,37
,,,,,,37
,,,,,,37
,,,,,,37
,,,,,,37
,,,,,,37
,,,,,,37
,,,,,,37
,,,,,,37
,,,,,,37
,,,,,,37
,,,,,,37
,,,,,,37
,,,,,,37
,,,,,,37
,,,,,,37
,,,,,,37
,,,,,,38
,,,,,,38
,,,,,,38
,,,,,,38
,,,,,,38
,,,,,,38
,,,,,,38
,,,,,,38
,,,,,,38
,,,,,,38
,,,,,,38
,,,,,,38
,,,,,,38
,,,,,,38
,,,,,,38
,,,,,,38
,,,,,,39
,,,,,,39
,,,,,,39
,,,,,,39
,,,,,,39
,,,,,,39
,,,,,,39
,,,,,,39
,,,,,,39
,,,,,,39
,,,,,,39
,,,,,,39
,,,,,,39
,,,,,,39
,,,,,,39
,,,,,,39
,,,,,,39
,,,,,,39
,,,,,,39
,,,,,,40
,,,,,,40
,,,,,,40
,,,,,,40
,,,,,,40
,,,,,,40
,,,,,,40
,,,,,,40
,,,,,,40
,,,,,,40
,,,,,,40
,,,,,,40
,,,,,,40
,,,,,,41
,,,,,,41
,,,,,,41
,,,,,,41
,,,,,,41
,,,,,,41
,,,,,,41
,,,,,,41
,,,,,,41
,,,,,,41
,,,,,,41
,,,,,,41
,,,,,,41
,,,,,,41
,,,,,,42
,,,,,,42
,,,,,,42
,,,,,,42
,,,,,,42
,,,,,,42
,,,,,,42
,,,,,,42
,,,,,,42
,,,,,,42
,,,,,,42
,,,,,,42
,,,,,,42
,,,,,,42
,,,,,,42
,,,,,,43
,,,,,,43
,,,,,,43
,,,,,,43
,,,,,,43
,,,,,,43
,,,,,,43
,,,,,,43
,,,,,,43
,,,,,,43
,,,,,,44
,,,,,,44
,,,,,,44
,,,,,,44
,,,,,,44
,,,,,,44
,,,,,,45
,,,,,,45
,,,,,,45
,,,,,,45
,,,,,,45
,,,,,,45
,,,,,,45
,,,,,,46
,,,,,,46
,,,,,,46
,,,,,,46
,,,,,,46
,,,,,,46
,,,,,,47
,,,,,,47
,,,,,,47
,,,,,,47
,,,,,,47
,,,,,,47
,,,,,,47
,,,,,,47
,,,,,,47
,,,,,,47
,,,,,,47
,,,,,,47
,,,,,,48
,,,,,,48
,,,,,,48
,,,,,,48
,,,,,,48
,,,,,,48
,,,,,,48
,,,,,,48
,,,,,,48
,,,,,,48
,,,,,,48
,,,,,,49
,,,,,,49
,,,,,,49
,,,,,,49
,,,,,,49
,,,,,,49
,,,,,,49
,,,,,,49
,,,,,,49
,,,,,,49
,,,,,,49
,,,,,,49
,,,,,,49
,,,,,,50
,,,,,,50
,,,,,,50
,,,,,,51
,,,,,,51
,,,,,,51
,,,,,,51
,,,,,,51
,,,,,,52
,,,,,,52
,,,,,,52
,,,,,,52
,,,,,,52
,,,,,,52
,,,,,,52
,,,,,,52
,,,,,,52
,,,,,,53
,,,,,,53
,,,,,,53
,,,,,,53
,,,,,,53
,,,,,,54
,,,,,,54
,,,,,,54
,,,,,,54
,,,,,,54
,,,,,,54
,,,,,,54
,,,,,,55
,,,,,,55
,,,,,,55
,,,,,,55
,,,,,,55
,,,,,,55
,,,,,,56
,,,,,,56
,,,,,,56
,,,,,,56
,,,,,,56
,,,,,,56
,,,,,,56
,,,,,,56
,,,,,,56
,,,,,,57
,,,,,,57
,,,,,,57
,,,,,,57
,,,,,,57
,,,,,,59
,,,,,,59
,,,,,,59
,,,,,,59
,,,,,,60
,,,,,,60
,,,,,,60
,,,,,,60
,,,,,,60
,,,,,,60
,,,,,,60
,,,,,,61
,,,,,,61
,,,,,,61
,,,,,,61
,,,,,,61
,,,,,,61
,,,,,,61
,,,,,,61
,,,,,,62
,,,,,,62
,,,,,,62
,,,,,,62
,,,,,,62
,,,,,,62
,,,,,,62
,,,,,,62
,,,,,,62
,,,,,,62
,,,,,,62
,,,,,,63
,,,,,,63
,,,,,,63
,,,,,,63
,,,,,,64
,,,,,,64
,,,,,,64
,,,,,,64
,,,,,,64
,,,,,,64
,,,,,,64
,,,,,,65
,,,,,,65
,,,,,,65
,,,,,,65
,,,,,,65
,,,,,,66
,,,,,,66
,,,,,,66
,,,,,,66
,,,,,,66
,,,,,,67
,,,,,,67
,,,,,,67
,,,,,,67
,,,,,,67
,,,,,,67
,,,,,,68
,,,,,,68
,,,,,,68
,,,,,,68
,,,,,,68
,,,,,,69
,,,,,,69
,,,,,,69
,,,,,,70
,,,,,,70
,,,,,,70
,,,,,,71
,,,,,,71
,,,,,,71
,,,,,,72
,,,,,,72
,,,,,,72
,,,,,,72
,,,,,,72
,,,,,,72
,,,,,,72
,,,,,,73
,,,,,,73
,,,,,,73
,,,,,,73
,,,,,,73
,,,,,,73
,,,,,,74
,,,,,,74
,,,,,,74
,,,,,,74
,,,,,,74
,,,,,,75
,,,,,,75
,,,,,,75
,,,,,,75
,,,,,,75
,,,,,,76
,,,,,,76
,,,,,,77
,,,,,,77
,,,,,,77
,,,,,,77
,,,,,,78
,,,,,,78
,,,,,,78
,,,,,,79
,,,,,,79
,,,,,,79
,,,,,,80
,,,,,,80
,,,,,,80
,,,,,,80
,,,,,,80
,,,,,,81
,,,,,,81
,,,,,,81
,,,,,,81
,,,,,,81
,,,,,,81
,,,,,,82
,,,,,,82
,,,,,,82
,,,,,,83
,,,,,,83
,,,,,,83
,,,,,,83
,,,,,,83
,,,,,,83
,,,,,,83
,,,,,,84
,,,,,,84
,,,,,,84
,,,,,,84
,,,,,,84
,,,,,,85
,,,,,,85
,,,,,,85
,,,,,,86
,,,,,,86
,,,,,,87
,,,,,,87
,,,,,,87
,,,,,,88
,,,,,,88
,,,,,,88
,,,,,,88
,,,,,,88
,,,,,,89
,,,,,,89
,,,,,,89
,,,,,,90
,,,,,,90
,,,,,,90
,,,,,,90
,,,,,,90
,,,,,,90
,,,,,,91
,,,,,,91
,,,,,,91
,,,,,,91
,,,,,,91
,,,,,,91
,,,,,,91
,,,,,,94
,,,,,,94
,,,,,,94
,,,,,,95
,,,,,,95
,,,,,,96
,,,,,,96
,,,,,,97
,,,,,,97
,,,,,,97
,,,,,,97
,,,,,,97
,,,,,,98
,,,,,,99
,,,,,,99
,,,,,,99
,,,,,,100
,,,,,,101
,,,,,,102
,,,,,,103
,,,,,,104
,,,,,,104
,,,,,,105
,,,,,,105
,,,,,,105
,,,,,,105
,,,,,,106
,,,,,,106
,,,,,,107
,,,,,,107
,,,,,,107
,,,,,,107
,,,,,,107
,,,,,,108
,,,,,,109
,,,,,,109
,,,,,,110
,,,,,,111
,,,,,,111
,,,,,,113
,,,,,,113
,,,,,,114
,,,,,,114
,,,,,,115
,,,,,,115
,,,,,,115
,,,,,,115
,,,,,,116
,,,,,,116
,,,,,,117
,,,,,,118
,,,,,,118
,,,,,,118
,,,,,,119
,,,,,,119
,,,,,,119
,,,,,,121
,,,,,,121
,,,,,,121
,,,,,,121
,,,,,,121
,,,,,,122
,,,,,,122
,,,,,,123
,,,,,,123
,,,,,,123
,,,,,,123
,,,,,,123
,,,,,,124
,,,,,,124
,,,,,,125
,,,,,,125
,,,,,,125
,,,,,,126
,,,,,,126
,,,,,,126
,,,,,,126
,,,,,,127
,,,,,,127
,,,,,,128
,,,,,,128
,,,,,,129
,,,,,,129
,,,,,,129
,,,,,,129
,,,,,,130
,,,,,,130
,,,,,,130
,,,,,,132
,,,,,,133
,,,,,,135
,,,,,,136
,,,,,,137
,,,,,,138
,,,,,,138
,,,,,,139
,,,,,,139
,,,,,,139
,,,,,,139
,,,,,,139
,,,,,,140
,,,,,,142
,,,,,,143
,,,,,,144
,,,,,,144
,,,,,,145
,,,,,,146
,,,,,,146
,,,,,,147
,,,,,,148
,,,,,,148
,,,,,,150
,,,,,,151
,,,,,,152
,,,,,,153
,,,,,,153
,,,,,,154
,,,,,,154
,,,,,,155
,,,,,,156
,,,,,,156
,,,,,,157
,,,,,,158
,,,,,,158
,,,,,,158
,,,,,,161
,,,,,,162
,,,,,,163
,,,,,,163
,,,,,,163
,,,,,,164
,,,,,,164
,,,,,,164
,,,,,,165
,,,,,,165
,,,,,,166
,,,,,,166
,,,,,,167
,,,,,,167
,,,,,,170
,,,,,,170
,,,,,,171
,,,,,,172
,,,,,,173
,,,,,,175
,,,,,,175
,,,,,,176
,,,,,,176
,,,,,,177
,,,,,,178
,,,,,,178
,,,,,,178
,,,,,,178
,,,,,,179
,,,,,,180
,,,,,,180
,,,,,,180
,,,,,,180
,,,,,,182
,,,,,,184
,,,,,,185
,,,,,,185
,,,,,,186
,,,,,,186
,,,,,,186
,,,,,,187
,,,,,,187
,,,,,,189
,,,,,,189
,,,,,,190
,,,,,,190
,,,,,,190
,,,,,,192
,,,,,,193
,,,,,,193
,,,,,,193
,,,,,,193
,,,,,,193
,,,,,,194
,,,,,,196
,,,,,,196
,,,,,,197
,,,,,,198
,,,,,,202
,,,,,,202
,,,,,,204
,,,,,,205
,,,,,,205
,,,,,,207
,,,,,,207
,,,,,,209
,,,,,,211
,,,,,,212
,,,,,,214
,,,,,,215
,,,,,,215
,,,,,,217
,,,,,,220
,,,,,,223
,,,,,,223
,,,,,,224
,,,,,,224
,,,,,,229
,,,,,,230
,,,,,,235
,,,,,,237
,,,,,,239
,,,,,,241
,,,,,,243
,,,,,,246
,,,,,,248
,,,,,,248
,,,,,,248
,,,,,,251
,,,,,,251
,,,,,,254
,,,,,,255
,,,,,,255
,,,,,,256
,,,,,,256
,,,,,,261
,,,,,,266
,,,,,,266
,,,,,,267
,,,,,,269
,,,,,,274
,,,,,,274
,,,,,,275
,,,,,,275
,,,,,,280
,,,,,,281
,,,,,,284
,,,,,,285
,,,,,,287
,,,,,,288
,,,,,,290
,,,,,,291
,,,,,,291
,,,,,,295
,,,,,,296
,,,,,,304
,,,,,,307
,,,,,,309
,,,,,,312
,,,,,,315
,,,,,,315
,,,,,,317
,,,,,,320
,,,,,,323
,,,,,,325
,,,,,,329
,,,,,,341
,,,,,,344
,,,,,,344
,,,,,,345
,,,,,,354
,,,,,,359
,,,,,,362
,,,,,,363
,,,,,,363
,,,,,,364
,,,,,,365
,,,,,,367
,,,,,,372
,,,,,,374
,,,,,,379
,,,,,,381
,,,,,,388
,,,,,,391
,,,,,,399
,,,,,,401
,,,,,,404
,,,,,,404
,,,,,,404
,,,,,,405
,,,,,,406
,,,,,,413
,,,,,,421
,,,,,,422
,,,,,,428
,,,,,,429
,,,,,,444
,,,,,,444
,,,,,,456
,,,,,,457
,,,,,,467
,,,,,,468
,,,,,,471
,,,,,,471
,,,,,,488
,,,,,,502
,,,,,,508
,,,,,,509
,,,,,,510
,,,,,,512
,,,,,,516
,,,,,,518
,,,,,,532
,,,,,,546
,,,,,,562
,,,,,,580
,,,,,,582
,,,,,,592
,,,,,,624
,,,,,,636
,,,,,,639
,,,,,,652
,,,,,,664
,,,,,,701
,,,,,,705
,,,,,,706
,,,,,,728
,,,,,,757
,,,,,,758
,,,,,,759
,,,,,,784
,,,,,,846
,,,,,,851
,,,,,,898
,,,,,,919
,,,,,,978
,,,,,,1080
,,,,,,1081
,,,,,,1126
,,,,,,1130
,,,,,,1160
,,,,,,1248
,,,,,,1283
,,,,,,1308
,,,,,,1329
,,,,,,1469
,,,,,,1474
,,,,,,1573
,,,,,,1595
,,,,,,1679
,,,,,,1825
,,,,,,1980
,,,,,,2179
,,,,,,2188
,,,,,,2356
,,,,,,7291
